order_id,customer_lat,customer_lon,distance_to_customer_KM,weight_in_kg,order_price,delivery_fee,cluster_label,delivery_allocation_order
ORDY09112,12.977,77.5773,1.941,2.5,215.0,14.3962902,2,0
ORDJ10007,12.9154,77.7011,1.536,12.3,591.0,5.7514916,0,1
ORDX04103,12.9757,77.5516,1.151,7.6,910.0,16.1719021,2,2
ORDI03291,12.9913,77.6409,1.494,4.44,1151.0,16.7217336,0,3
ORDI09427,12.9299,77.6141,1.519,9.5,307.0,15.7311004,0,4
ORDJ06131,12.9119,77.6446,1.531,5.11,143.0,13.5912914,0,5
ORDI02711,12.9551,77.6593,1.29,6.45,596.0,14.2305241,0,6
ORDY07760,12.9635,77.5121,1.133,11.5,396.25,6.0391726,2,7
ORDI10037,12.977,77.5773,1.424,4.25,394.0,13.7041622,2,8
ORDZ09721,12.9041,77.6121,1.213,9.3,150.0,14.6601564,0,9
ORDB02611,12.9369,77.6407,1.311,14.2,407.5,12.4592441,0,10
ORDA02556,13.0417,77.5923,1.975,5.75,395.5,16.0317116,2,11
ORDI01314,12.9713,77.6401,1.513,5.7,639.0,13.3277017,0,12
ORDY10311,12.957,77.5637,1.279,6.34,460.5,11.3141452,2,13
ORDK06424,12.1134,77.5416,1.024,10.9,243.5,15.1100396,1,14
ORDI03155,12.9706,77.6529,1.941,5.75,59.5,16.1210201,0,15
ORDK05667,13.0131,77.5177,1.237,5.5,135.5,15.4967053,2,16
ORDZ03117,13.0019,77.5713,1.536,14.5,432.5,14.5431639,2,17
ORDI10111,13.102,77.5164,1.09,13.3,525.0,15.1390514,2,18
ORDJ01236,12.9217,77.5936,1.067,15.7,657.6,14.9642656,0,19
ORDZ00055,12.9925,77.5633,1.997,14.6,693.0,15.2116611,2,20
ORDK03451,12.977,77.5773,1.5,17.1,464.0,11.1732136,2,21
ORDI00121,12.9261,77.6221,1.922,12.4,461.0,16.0552651,0,22
ORDK00097,12.9154,77.7011,1.511,9.95,421.0,14.3153771,0,23
ORDC01142,12.9713,77.6401,1.326,14.1,932.6,16.1501161,0,24
ORDY04402,12.1145,77.6036,1.913,20.0,251.0,12.6090126,1,25
ORDC03195,12.9706,77.6529,1.516,9.3,324.0,13.1597496,0,26
ORDZ00132,12.977,77.5773,1.254,9.46,360.75,15.9912243,2,27
ORDZ10116,12.9343,77.6044,1.936,2.6,252.0,14.5165719,0,28
ORDZ05793,12.957,77.5637,1.92,4.25,429.0,15.3457143,2,29
ORDZ03719,12.977,77.5773,1.462,5.6,410.0,13.1159747,2,30
ORDZ01977,12.9473,77.5616,1.257,9.0,629.6,16.213273,2,31
ORDJ00419,12.9579,77.6309,1.529,17.2,360.75,11.1129541,0,32
ORDY04399,12.991,77.6227,1.032,15.15,142.0,12.3124616,0,33
ORDX00950,12.9306,77.5434,1.069,14.1,226.0,15.7701639,2,34
ORDK02267,12.9713,77.6401,1.237,10.2,1014.2,13.4961541,0,35
ORDA06135,13.0067,77.545,1.047,10.25,416.0,13.1925507,2,36
ORDI07112,12.9121,77.6131,1.37,13.5,259.25,13.5110941,0,37
ORDX07592,12.9041,77.6121,1.363,14.1,369.0,13.7736447,0,38
ORDY00205,13.014,77.5651,1.104,14.3,213.75,10.1452649,2,39
ORDC02741,12.9766,77.5993,1.339,12.5,474.5,14.7597151,2,40
ORDI05959,12.991,77.6227,1.473,13.54,191.5,13.1234711,0,41
ORDY06030,12.9159,77.6713,1.952,2.5,202.0,11.6931211,0,42
ORDA05762,12.919,77.5332,1.54,11.16,231.5,15.003994,2,43
ORDC04011,12.9757,77.5516,1.161,5.5,191.5,15.7195471,2,44
ORDC01575,12.9037,77.5376,1.951,7.0,300.0,15.9110199,2,45
ORDZ10125,12.977,77.5773,1.536,9.41,313.5,6.1674735,2,46
ORDZ07516,13.0503,77.5529,1.212,9.91,142.0,13.6757919,2,47
ORDY06161,12.9551,77.6593,1.411,12.51,1101.0,13.0467439,0,48
ORDI04769,12.9299,77.6141,1.0,13.7,234.0,16.1137047,0,49
ORDZ06294,13.0206,77.6479,1.334,15.2,251.0,15.6510673,0,50
ORDZ06707,12.9337,77.59,1.155,2.1,1101.0,15.0166224,2,51
ORDZ04973,12.9579,77.6309,1.176,9.6,696.0,15.451641,0,52
ORDX01041,13.0291,77.6047,1.111,12.1,713.0,15.042309,2,53
ORDY09611,12.977,77.5773,1.176,12.5,477.5,11.5125611,2,54
ORDC01406,12.9766,77.5993,1.335,9.33,140.1,13.7004279,2,55
ORDI05755,12.9766,77.5993,1.996,7.5,146.25,14.1146913,2,56
ORDA00541,12.9713,77.6401,1.253,7.11,349.0,13.6194111,0,57
ORDI01734,12.9691,77.75,1.469,9.75,591.0,13.6396211,0,58
ORDK00617,12.9551,77.6593,1.336,9.43,447.0,14.641555,0,59
ORDJ09112,12.9635,77.5121,1.361,12.1,671.4,12.2471249,2,60
ORDB10435,12.9147,77.5491,1.537,12.1,317.0,11.2715913,2,61
ORDJ02127,12.9335,77.5691,1.191,6.75,411.0,11.6212159,2,62
ORDC03940,13.0067,77.545,1.435,11.35,505.0,13.7969573,2,63
ORDC10724,12.977,77.5773,1.369,13.6,172.2,13.7219271,2,64
ORDX05142,12.9149,77.5635,1.532,9.6,121.0,14.9394176,2,65
ORDX10162,12.9121,77.6131,1.527,10.4,416.0,17.2310451,0,66
ORDJ03175,12.9691,77.75,1.531,5.9,1007.0,12.3003371,0,67
ORDK01314,12.9766,77.5993,1.536,11.25,406.75,15.02011,2,68
ORDA03219,12.9041,77.6121,1.363,13.53,152.0,15.6190219,0,69
ORDX01764,13.0417,77.5923,1.317,11.2,447.0,17.1065012,2,70
ORDZ06221,12.915,77.5533,1.163,14.1,651.4,12.1193115,2,71
ORDZ04401,13.0626,77.5214,1.535,9.6,129.75,12.4061731,2,72
ORDI03430,12.9757,77.5516,1.496,7.06,1149.5,15.3627071,2,73
ORDB07990,12.1145,77.6036,1.411,19.1,765.0,13.7411552,1,74
ORDB07090,12.977,77.5773,1.111,16.0,341.0,14.2154555,2,75
ORDC07906,12.915,77.5533,1.513,2.2,146.0,14.9221664,2,76
ORDC05669,12.9713,77.6401,1.459,16.44,714.6,14.3279936,0,77
ORDB05520,12.9691,77.75,1.109,12.5,109.0,12.154006,0,78
ORDC10546,13.0641,77.5931,1.194,9.1,556.4,13.9259144,2,79
ORDZ04443,13.0626,77.5214,1.14,13.53,435.75,13.1546143,2,80
ORDJ03571,13.0223,77.7132,1.059,16.2,611.1,11.7095053,0,81
ORDB04429,13.0067,77.545,1.5,15.3,110.1,13.7553302,2,82
ORDI06296,12.9217,77.5936,1.447,12.3,411.0,13.1062973,0,83
ORDI06376,13.0151,77.539,1.422,6.3,211.0,13.1759001,2,84
ORDY05310,12.9343,77.6044,1.067,15.2,272.0,12.5690699,0,85
ORDC07751,12.9662,77.6061,1.37,16.0,926.0,15.037344,0,86
ORDI00709,12.9431,77.5731,1.445,19.2,495.2,15.7590292,2,87
ORDZ02913,12.9551,77.6593,1.322,6.42,665.5,16.6264136,0,88
ORDA09614,13.0019,77.5713,1.975,9.5,225.0,14.4501267,2,89
ORDJ02934,12.977,77.5773,1.139,14.5,523.5,12.245413,2,90
ORDX04290,12.9119,77.5741,1.211,5.35,46.4,14.3069329,2,91
ORDX02361,12.977,77.5773,1.224,12.51,703.0,15.3733067,2,92
ORDB01909,12.9306,77.5434,1.497,9.94,1007.0,12.3992991,2,93
